{
  "version": 1,
  "author": "Anonymous maker",
  "editor": "wokwi",
  "parts": [
    { "type": "wokwi-breadboard", "id": "bb2", "top": -223.8, "left": -410, "attrs": {} },
    { "type": "wokwi-esp32-devkit-v1", "id": "esp", "top": -225.96, "left": 290.21, "attrs": {} },
    {
      "type": "wokwi-led",
      "id": "led1",
      "top": -297.49,
      "left": -262.94,
      "attrs": { "color": "red" }
    },
    {
      "type": "wokwi-led",
      "id": "led2",
      "top": -313.59,
      "left": -3.37,
      "attrs": { "color": "red" }
    },
    {
      "type": "wokwi-led",
      "id": "led3",
      "top": -292.53,
      "left": -150.31,
      "attrs": { "color": "red" }
    },
    {
      "type": "wokwi-led",
      "id": "led4",
      "top": -316.81,
      "left": 161.64,
      "attrs": { "color": "red" }
    }
  ],
  "connections": [
    [ "esp:TX0", "$serialMonitor:RX", "", [] ],
    [ "esp:RX0", "$serialMonitor:TX", "", [] ],
    [ "led4:A", "esp:D25", "orange", [ "v13.95", "h66.33", "v94.61" ] ],
    [ "led4:C", "bb2:tn.48", "green", [ "h-3.02", "v39.06", "h-0.02" ] ],
    [ "led2:A", "esp:D26", "magenta", [ "v4.03", "h239.17", "v142.6" ] ],
    [ "led2:C", "bb2:tn.35", "green", [ "h3.06", "v50.61" ] ],
    [ "led3:A", "esp:D27", "yellow", [ "v2.53", "h394.91", "v135.65" ] ],
    [ "led3:C", "bb2:tn.21", "green", [ "v0" ] ],
    [ "led1:C", "bb2:tn.11", "green", [ "v0" ] ],
    [ "led1:A", "esp:D32", "red", [ "v20.84", "h521.16", "v80.89" ] ],
    [ "bb2:tn.50", "esp:GND.2", "cyan", [ "h54.54", "v124.54" ] ]
  ],
  "dependencies": {}
}